complaint_text,language,category,urgency,department,expected_email
"द्वारका सेक्टर 6 के पॉकेट 1 में पिछले दो दिनों से नाले जैसा काला और बदबूदार पानी आ रहा है। घर में छोटे बच्चे हैं, बीमार पड़ जाएंगे, इसे तुरंत ठीक करवाइए भाई साहब।",Hindi,Water,High,Delhi Jal Board,cgro@delhijalboard.nic.in
"Sector 6 main road ke pass pipeline phati hui hai aur subah se kafi pani waste ho raha hai. Please jaldi kisi ko bhej ke leakage band karwao, pura rasta bhar gaya hai.",Hindi,Water,Medium,Delhi Jal Board,cgro@delhijalboard.nic.in
"अरे साहब, ई द्वारका सेक्टर 6 में कल से एक बूंद पानी नहीं आया है, मोटर चला-चला के थक गए। खाना-पीना बनाना मुश्किल हो गया है, कुछ तो जुगाड़ करिए जल्दी सभे लोग परेशान बा।",Hindi,Water,High,Delhi Jal Board,cgro@delhijalboard.nic.in
"द्वारका सेक्टर 6 च पानी दा टाइमिंग ही बड़ा अजीब हो गया है जी। कदे सवेरे 4 बजे आ जांदा है, बंदा की करे? थोड़ा टाइम फिक्स करवाओ सवेरे 6-7 बजे दा ताकि टैंकी भर सके।",Hindi,Water,Medium,Delhi Jal Board,cgro@delhijalboard.nic.in
"Sir, in Dwarka Sector 6, the water meter in my house is not working properly and showing very high reading this month. Kindly check and rectify the billing error.",Hindi,Water,Low,Delhi Jal Board,cgro@delhijalboard.nic.in
"ਓਖਲਾ ਫੇਸ 2 ਦੀ ਗਲੀ ਨੰਬਰ 4 ਵਿੱਚ ਪਿਛਲੇ ਦੋ ਦਿਨਾਂ ਤੋਂ ਪਾਣੀ ਬਿਲਕੁਲ ਨਹੀਂ ਆ ਰਿਹਾ, ਬੱਚੇ ਪਿਆਸੇ ਬੈਠੇ ਨੇ ਜੀ, ਜਲਦੀ ਹੱਲ ਕਰੋ।",Punjabi,Water,High,Delhi Jal Board,cgro@delhijalboard.nic.in
"ਸਾਡੇ ਇਲਾਕੇ ਵਿੱਚ ਪਾਣੀ ਦਾ ਪ੍ਰੈਸ਼ਰ ਬਹੁਤ ਘੱਟ ਹੈ, ਮੋਟਰ ਚਲਾ ਕੇ ਵੀ ਟੈਂਕੀ ਨਹੀਂ ਭਰਦੀ, ਸਵੇਰੇ ਸਿਰਫ ਅੱਧਾ ਘੰਟਾ ਪਾਣੀ ਆਉਂਦਾ ਹੈ।",Punjabi,Water,Medium,Delhi Jal Board,cgro@delhijalboard.nic.in
"ਪਾਣੀ ਵਿੱਚੋਂ ਬਹੁਤ ਗੰਦੀ ਬਦਬੂ ਆ ਰਹੀ ਹੈ ਤੇ ਰੰਗ ਵੀ ਕਾਲਾ ਹੈ, ਸ਼ਾਇਦ ਸੀਵਰ ਦਾ ਪਾਣੀ ਮਿਲ ਗਿਆ ਹੈ, ਬਿਮਾਰੀ ਫੈਲਣ ਦਾ ਡਰ ਹੈ।",Punjabi,Water,High,Delhi Jal Board,cgro@delhijalboard.nic.in
"ਓਖਲਾ ਫੇਸ 2 ਦੀ ਮੇਨ ਰੋਡ 'ਤੇ ਪਾਈਪ ਲੀਕ ਹੋ ਰਿਹਾ ਹੈ, ਸਾਰਾ ਪਾਣੀ ਸੜਕ 'ਤੇ ਬਰਬਾਦ ਹੋ ਰਿਹਾ ਹੈ, ਇਹਨੂੰ ਠੀਕ ਕਰਵਾ ਦਿਓ।",Punjabi,Water,Low,Delhi Jal Board,cgro@delhijalboard.nic.in
"ਇਸ ਵਾਰ ਪਾਣੀ ਦਾ ਬਿੱਲ ਬਹੁਤ ਜ਼ਿਆਦਾ ਆ ਗਿਆ ਹੈ ਜਦਕਿ ਵਰਤੋਂ ਬਹੁਤ ਘੱਟ ਸੀ, ਕਿਰਪਾ ਕਰਕੇ ਮੀਟਰ ਦੀ ਚੈਕਿੰਗ ਕਰਵਾਈ ਜਾਵੇ।",Punjabi,Water,Medium,Delhi Jal Board,cgro@delhijalboard.nic.in
ساکیت جے بلاک میں مین لائن پھٹ گئی ہے اور سڑک پر پانی ہی پانی ہے، گھروں میں بوند نہیں آ رہی۔ بھائی جلدی ٹھیک کرو، سارا کام رکا پڑا ہے۔,Urdu,Water,High,Delhi Jal Board,cgro@delhijalboard.nic.in
ساکیت کے اس علاقے میں پچھلے دو دن سے نل میں بہت گندا اور بدبودار پانی آ رہا ہے۔ یہ پانی تو پینے کے قابل ہی نہیں ہے، جلدی اس کا حل نکالیں۔,Urdu,Water,Medium,Delhi Jal Board,cgro@delhijalboard.nic.in
بھائی، ساکیت بلاک جی میں صبح سپلائی کا پریشر بہت کم ہوتا ہے، آدھے گھنٹے میں بالٹی بھی نہیں بھرتی۔ ذرا دیکھو کیا مسئلہ ہے۔,Urdu,Water,Low,Delhi Jal Board,cgro@delhijalboard.nic.in
دو دن سے ساکیت میں پانی نہیں آ رہا، ہم لوگ بہت پریشان ہیں اور ٹینکر کا کوئی اتہ پتہ نہیں ہے۔ جلدی سپلائی بحال کریں ورنہ دھرنا دیں گے۔,Urdu,Water,High,Delhi Jal Board,cgro@delhijalboard.nic.in
ساکیت مین روڈ پر ایک والو لیک ہو رہا ہے جس سے روزانہ ہزاروں لیٹر پانی ضائع ہو رہا ہے۔ ڈی جے بی والے سو رہے ہیں کیا؟,Urdu,Water,Medium,Delhi Jal Board,cgro@delhijalboard.nic.in
"ए जल बोर्ड, नजफगढ़ में तीन दिन से एक बूंद पानी नइखे आइल। हमनी के प्यासे मरल जा तानी जा, जल्दी से टैंकर भेजवाइ अउर सप्लाई ठीक करीं।",Bhojpuri,Water,High,Delhi Jal Board,cgro@delhijalboard.nic.in
"नल में से एकदम करिया अउर गंदा पानी आवत बा, जवना से बहुत महक आ रहल बा। ई पानी पिए त का नहाए लायक भी नइखे, जल्दी से पाइप चेक करवाईं।",Bhojpuri,Water,Medium,Delhi Jal Board,cgro@delhijalboard.nic.in
नजफगढ़ के मेन रोड पर पाइप फट गइल बा अउर फालतू के पानी बह रहल बा। केहू के भेज के मरम्मत करवा दीं ताकि पानी बर्बाद ना होखे।,Bhojpuri,Water,Low,Delhi Jal Board,cgro@delhijalboard.nic.in
"मोटर चला-चला के थक गइनी बाकिर पानी एकदम नइखे आवत, प्रेशर बहुत कम बा। ऑफिस जाए के टाइम हो जाला अउर घर में बाल्टी भर पानी नइखे, जल्दी समाधान करीं।",Bhojpuri,Water,High,Delhi Jal Board,cgro@delhijalboard.nic.in
"पिछला हफ्ता से पानी के सप्लाई बहुत कम हो गइल बा अउर टाइम भी फिक्स नइखे। कखनो रात के 2 बजे आवेला त कखनो आवे ही नइखे, हमनी के बहुत परेसानी होता।",Bhojpuri,Water,Medium,Delhi Jal Board,cgro@delhijalboard.nic.in
"मेहरोली में तीन दिन सँ बूंद भरि जल नहि आबि रहल अछि, सभ लोक परेशान छी। जल बोर्ड के कोनो खबरि नहि छै, जल्दी पानी के टैंकर भेजू नहि तऽ भारी दिक्कत भऽ जाएत।",Maithili,Water,High,Delhi Jal Board,cgro@delhijalboard.nic.in
"अखनि जे पानी आबि रहल अछि से एकदम गंदा आ महकैत अछि, अइ सँ पेट खराब भऽ सकैत अछि। कृपा कऽ पाइप लाइन चेक करू आ नीक पानी के व्यवस्था करू।",Maithili,Water,Medium,Delhi Jal Board,cgro@delhijalboard.nic.in
कुतुब मीनार के पास मुख्य सड़क पर पाइप लीक भऽ रहल अछि आ फालतू में पानी बहल जा रहल अछि। कनी फुर्सत निकालि कऽ एकरा ठीक कऽ दियौ तऽ बढ़िया रहतै।,Maithili,Water,Low,Delhi Jal Board,cgro@delhijalboard.nic.in
"अचानक पाइप फाटि गेल अछि आ पूरा गली में पानी भरि गेल अछि, घर में पानी घुसि रहल छै। जल्दी मिस्त्री भेजू, नहि तऽ पूरा मोहल्ला डूबि जाएत।",Maithili,Water,High,Delhi Jal Board,cgro@delhijalboard.nic.in
पानी के प्रेशर एतेक कम छै कि मोटर चलला परो छत के टंकी नहि भरि रहल अछि। दिल्ली जल बोर्ड सँ विनती अछि कि प्रेशर बढ़ाबय के देखू।,Maithili,Water,Medium,Delhi Jal Board,cgro@delhijalboard.nic.in
"Bhai, Dwarka Sec 6 ke transformer mein se aag nikal rahi hai, jaldi kisi ko bhejo varna bada kaand ho jayega. Poore mohalle ki light chali gayi hai aur darr lag raha hai.",Hindi,Electricity,High,BSES Rajdhani Power Limited,customercare@bsesdelhi.com
"Sector 6 de park kol bijli di nangi taar thalle latak rahi hai, bache othe khed-de ne. Kise din koi vadda nuksan ho jayega, jaldi banda bhejo check karan vaste.",Hindi,Electricity,High,BSES Rajdhani Power Limited,customercare@bsesdelhi.com
"Since yesterday voltage is coming very low and fluctuating in our flat in Sector 6. My AC is not working and I am scared the fridge will get burnt, please check the local line.",Hindi,Electricity,Medium,BSES Rajdhani Power Limited,customercare@bsesdelhi.com
"Hamra ghar ke bijli bill ee baar bahut jaada aa gail ba, jabki hum itna use bhi nahi kile bani. Lagta meter kharab ba, kripya karke kouno ke bhej ke check karwa dijiye.",Hindi,Electricity,Medium,BSES Rajdhani Power Limited,customercare@bsesdelhi.com
"द्वारका सेक्टर 6 की गली नंबर 4 में काफी दिनों से स्ट्रीट लाइट खराब पड़ी है। रात को अंधेरे की वजह से चोरी का डर लगा रहता है, इसको ठीक करवा दीजिये।",Hindi,Electricity,Low,BSES Rajdhani Power Limited,customercare@bsesdelhi.com
"ओखला फेज 2, सी-ब्लॉक में खंभे पर शॉर्ट सर्किट हो रहा है और तार नीचे लटक रहे हैं, प्लीज जल्दी किसी को भेजिये वर्ना कोई बड़ा हादसा हो सकता है।",English,Electricity,High,BSES Rajdhani Power Limited,customercare@bsesdelhi.com
"Why are there so many unscheduled power cuts in Okhla Phase 2 today? It has been 4 hours and we have no update, please fix it soon as work is getting hampered.",English,Electricity,High,BSES Rajdhani Power Limited,customercare@bsesdelhi.com
"Paaji, sadde unit de kol waali street light kafi dinon ton kharab hai, raat nu hanera ho janda hai te workers nu bahut mushkil hundi hai.",English,Electricity,Medium,BSES Rajdhani Power Limited,customercare@bsesdelhi.com
"Ae sahib, hamar ghar ke meter bahut tezi se bhag raha hai, pichle mahine se double bill aaya hai, kripya kar ke ek baar check kariye.",English,Electricity,Low,BSES Rajdhani Power Limited,customercare@bsesdelhi.com
"Bhai, Okhla Phase 2 mein voltage bahut zyada up-down ho rahi hai subah se, humare machines phookne ka darr hai, please jaldi technician bhejiye.",English,Electricity,Medium,BSES Rajdhani Power Limited,customercare@bsesdelhi.com
"ਸਾਕੇਤ J-Block ਦੇ ਖੰਭੇ 'ਚੋਂ ਚਿੰਗਾਰੀਆਂ ਨਿਕਲ ਰਹੀਆਂ ਨੇ, ਬਹੁਤ ਖਤਰਨਾਕ ਕੰਮ ਹੈ, ਜਲਦੀ ਬੰਦੇ ਭੇਜੋ ਨਹੀਂ ਤੇ ਅੱਗ ਲੱਗ ਸਕਦੀ ਹੈ।",Punjabi,Electricity,High,BSES Rajdhani Power Limited,customercare@bsesdelhi.com
"ਯਾਰ ਸਾਕੇਤ 'ਚ ਬਾਰ-ਬਾਰ ਪਾਵਰ ਕੱਟ ਲੱਗ ਰਹੇ ਨੇ, ਗਰਮੀ ਨਾਲ ਬੁਰਾ ਹਾਲ ਹੈ ਤੇ ਇਨਵਰਟਰ ਵੀ ਬੋਲ ਗਿਆ, ਕੁਝ ਹੱਲ ਕਰੋ ਇਹਦਾ।",Punjabi,Electricity,Medium,BSES Rajdhani Power Limited,customercare@bsesdelhi.com
"ਸਾਕੇਤ M-Block ਦੀ ਸਟਰੀਟ ਲਾਈਟ ਪਿਛਲੇ ਚਾਰ ਦਿਨ ਤੋਂ ਬੰਦ ਪਈ ਹੈ, ਰਾਤ ਨੂੰ ਬਹੁਤ ਹਨੇਰਾ ਹੋ ਜਾਂਦਾ ਹੈ ਤੇ ਲੰਘਣਾ ਮੁਸ਼ਕਿਲ ਹੈ।",Punjabi,Electricity,Low,BSES Rajdhani Power Limited,customercare@bsesdelhi.com
"ਇਸ ਮਹੀਨੇ ਬਿਜਲੀ ਦਾ ਬਿੱਲ ਡਬਲ ਆ ਗਿਆ ਹੈ ਪਰ ਸਾਡੀ ਵਰਤੋਂ ਉਨੀ ਹੀ ਸੀ, ਲੱਗਦਾ ਮੀਟਰ 'ਚ ਕੋਈ ਖਰਾਬੀ ਹੈ, ਪਲੀਜ਼ ਚੈੱਕ ਕਰਵਾ ਦਿਓ।",Punjabi,Electricity,Low,BSES Rajdhani Power Limited,customercare@bsesdelhi.com
"ਸਾਕੇਤ PVR ਦੇ ਪਿੱਛੇ ਵਾਲੀ ਗਲੀ 'ਚ ਬਿਜਲੀ ਦੀਆਂ ਤਾਰਾਂ ਬਹੁਤ ਥੱਲੇ ਲਟਕ ਰਹੀਆਂ ਨੇ, ਬਾਰਿਸ਼ 'ਚ ਕਦੀ ਵੀ ਹਾਦਸਾ ਹੋ ਸਕਦਾ ਹੈ, ਜਲਦੀ ਠੀਕ ਕਰੋ।",Punjabi,Electricity,High,BSES Rajdhani Power Limited,customercare@bsesdelhi.com
نجف گڑھ کے تھانہ روڈ پر بجلی کے تاروں سے چنگاریاں نکل رہی ہیں اور پوری گلی کی لائٹ چلی گئی ہے۔ خدارا جلدی کسی کو بھیجیں، کوئی بڑا حادثہ ہو سکتا ہے۔,Urdu,Electricity,High,BSES Rajdhani Power Limited,customercare@bsesdelhi.com
بھائی صاحب، نجف گڑھ کے جھرودہ کلاں علاقے میں روزانہ 4-5 گھنٹے بجلی کٹ رہی ہے۔ بچوں کے امتحان چل رہے ہیں، پڑھائی میں بہت دقت ہو رہی ہے، ذرا دیکھئے کیا مسئلہ ہے۔,Urdu,Electricity,Medium,BSES Rajdhani Power Limited,customercare@bsesdelhi.com
ہمارے گھر کے باہر والا اسٹریٹ لائٹ کا کھمبہ پچھلے ایک ہفتے سے بند پڑا ہے۔ رات کو اندھیرے کی وجہ سے باہر نکلنے میں ڈر لگتا ہے، مہربانی کر کے اسے ٹھیک کروا دیں۔,Urdu,Electricity,Low,BSES Rajdhani Power Limited,customercare@bsesdelhi.com
دھنسا روڈ پر ٹرانسفارمر سے دھواں نکل رہا ہے اور زور دار آوازیں آ رہی ہیں۔ پوری کالونی کی بجلی غائب ہے، کوئی بڑا شارٹ سرکٹ نہ ہو جائے، فوراً ایکشن لیں۔,Urdu,Electricity,High,BSES Rajdhani Power Limited,customercare@bsesdelhi.com
اس مہینے کا بجلی کا بل پچھلے مہینے سے تین گنا زیادہ آیا ہے جبکہ ہم نے اتنا استعمال بھی نہیں کیا۔ لگتا ہے میٹر میں کوئی خرابی ہے، پلیز چیک کروائیں۔,Urdu,Electricity,Medium,BSES Rajdhani Power Limited,customercare@bsesdelhi.com
"ए भइया, मेहरौली के वार्ड 3 में कल रात से बिजली गुल बा, एतनी गर्मी में लईका लोग रोअत बा। जल्दी से लाइन ठीक करा दीं, बहुत परेशानी हो रहल बा।",Bhojpuri,Electricity,High,BSES Rajdhani Power Limited,customercare@bsesdelhi.com
"मेहरौली के मेन गली में ट्रांसफार्मर से चिंगारी निकलत बा, कवनो बड़ा हादसा हो सकेला। ई तार बहुत नीचे लटकल बा, जल्दी आके देखल जाव ना त खतरा हो जाई।",Bhojpuri,Electricity,High,BSES Rajdhani Power Limited,customercare@bsesdelhi.com
"सर, इहाँ मेहरौली में वोल्टेज बहुत कम आवत बा, पंखा भी ना चलत ठीक से। अइसन में कवनो कीमती सामान जर जाई त ओकर जिम्मेदार के होई?",Bhojpuri,Electricity,Medium,BSES Rajdhani Power Limited,customercare@bsesdelhi.com
"गली नंबर 4 में स्ट्रीट लाइट पिछला हफ्ता से खराब बा, रात के अँधेरा में चले में डर लागत बा। मेहरौली थाना के लगे वाला खंभा के लाइट ठीक करवा दीं भइया।",Bhojpuri,Electricity,Medium,BSES Rajdhani Power Limited,customercare@bsesdelhi.com
"हमार ई महीना के बिजली बिल बहुत बेसी आ गइल बा, जबकि घर में खाली दुगो लाइट अउर एगो पंखा चलेला। मीटर चेक करे खातिर कवनो आदमी के भेज दीं, बिल सुधारवावे के बा।",Bhojpuri,Electricity,Low,BSES Rajdhani Power Limited,customercare@bsesdelhi.com
"द्वारका सेक्टर ६ में पोल सं चिंगारी निकल रहल अछि, बहुत डर लगैत अछि। कृपया जल्दी केकरो भेजु नै त पैघ आगि लागि सकैत अछि, अहाँ सब फोनो नै उठा रहल छी।",Maithili,Electricity,High,BSES Rajdhani Power Limited,customercare@bsesdelhi.com
"हमर घर में वोल्टेज बहुत कम आबि रहल अछि, पंखा आ एसी सेहो नै चलैत अछि। एहन गर्मी में रहनाइ मुश्किल भ गेल अछि, एकरा जल्दी देखु कि की समस्या अछि।",Maithili,Electricity,Medium,BSES Rajdhani Power Limited,customercare@bsesdelhi.com
"एहि बेर के बिजली बिल बहुत बेसी आबि गेल अछि, हमर त एतेक खपत सेहो नै छै। मीटर रीडिंग में कोनो गड़बड़ी बुझाइत अछि, एक बेर जांच कय लेब त नीक रहत।",Maithili,Electricity,Low,BSES Rajdhani Power Limited,customercare@bsesdelhi.com
"सेक्टर ६ में पिछला ५ घंटा सं बिजली गायब अछि, बच्चा सब सुत नै पाबि रहल अछि। जल्दी बिजली ठीक करू, ई कतेक देर धरि अन्हार रहत?",Maithili,Electricity,High,BSES Rajdhani Power Limited,customercare@bsesdelhi.com
"हमर फ्लैट के बाहर वाला स्ट्रीट लाइट १० दिन सं खराब अछि, राति में बहुत अन्हार रहैत अछि। सेफटी के लेल एकरा जल्दी ठीक करवाउ, कतेको बेर कहि चुकल छी।",Maithili,Electricity,Medium,BSES Rajdhani Power Limited,customercare@bsesdelhi.com
"ओखला फेज 2 के मेन रोड पर इतना बड़ा गड्ढा हो रखा है कि कल रात दो बाइक वाले गिरते गिरते बचे। भाई साहब, जल्दी ठीक करवाओ वरना कोई बड़ा एक्सीडेंट हो जाएगा यहाँ!",Hindi,Roads,High,Public Works Department Delhi,pwd-delhi@nic.in
"ਓਖਲਾ ਫੇਜ਼ 2 ਦੀਆਂ ਸੜਕਾਂ ਦਾ ਬਹੁਤ ਬੁਰਾ ਹਾਲ ਹੈ ਜੀ, ਗੱਡੀ ਚਲਾਉਣਾ ਮੁਸ਼ਕਲ ਹੋ ਗਿਆ ਹੈ। ਪਾਜੀ, ਪਲੀਜ਼ ਇਹਨੂੰ ਜਲਦੀ ਠੀਕ ਕਰਵਾਓ, ਬਹੁਤ ਪਰੇਸ਼ਾਨੀ ਹੋ ਰਹੀ ਹੈ।",Hindi,Roads,Medium,Public Works Department Delhi,pwd-delhi@nic.in
The service road in Okhla Phase 2 is full of construction debris and big stones for the last two weeks. It is very difficult to drive during office hours.,Hindi,Roads,Medium,Public Works Department Delhi,pwd-delhi@nic.in
"भैया, ई ओखला फेज 2 वाला रोडवा त एकदम टूट गइल बा, तनिक सा बारिश में पूरा पानी भर जाला। पैदल चलना मुश्किल हो गइल बा, तनी मरम्मत करवा दीं ना!",Hindi,Roads,High,Public Works Department Delhi,pwd-delhi@nic.in
"Okhla Phase 2 main road pe jo naye speed breakers bane hain unpe white paint nahi hai, raat ko dikhte nahi hain. Chalti gaadi jhatka khati hai, please marking karwa do.",Hindi,Roads,Low,Public Works Department Delhi,pwd-delhi@nic.in
"The main road right outside Saket Metro Station Gate 2 has a huge crater-like pothole. It is a total death trap for bikers at night, please repair it before someone gets seriously hurt.",English,Roads,High,Public Works Department Delhi,pwd-delhi@nic.in
"साकेत पीवीआर अनुपम के पास जो स्पीड ब्रेकर हैं उन पर सफेद पट्टी नहीं दिख रही है। रात में गाड़ियाँ बहुत झटके से कूदती हैं, कृपया इसे जल्द पेंट करवा दीजिए।",English,Roads,Medium,Public Works Department Delhi,pwd-delhi@nic.in
"ਸਾਕੇਤ ਜੇ ਬਲਾਕ ਦੀਆਂ ਸੜਕਾਂ ਦੇ ਕਿਨਾਰੇ ਵਾਲੀਆਂ ਟਾਇਲਾਂ ਬਹੁਤ ਜਗ੍ਹਾ ਤੋਂ ਟੁੱਟੀਆਂ ਹੋਈਆਂ ਨੇ। ਸਾਨੂੰ ਸਵੇਰੇ ਸੈਰ ਕਰਨ ਵੇਲੇ ਬੜੀ ਦਿੱਕਤ ਆਉਂਦੀ ਹੈ, ਇਹਨੂੰ ਵੇਖ ਲਓ ਜੀ।",English,Roads,Low,Public Works Department Delhi,pwd-delhi@nic.in
There is too much waterlogging on Press Enclave Road near Max Hospital even after light rain. The drainage system is totally blocked and causing massive traffic jams for hours.,English,Roads,Medium,Public Works Department Delhi,pwd-delhi@nic.in
"साकेत कोर्ट के पास वाला सड़किया एकदम धँस गईल बा, रोज ओइजा एक्सीडेंट होत बा। ई गड्ढा के जल्दी भरवावल जाय ना त कवनो बड़ घटना हो जाई।",English,Roads,High,Public Works Department Delhi,pwd-delhi@nic.in
"ਨਜਫਗੜ੍ਹ ਮੇਨ ਮਾਰਕੀਟ ਵਾਲੀ ਸੜਕ 'ਤੇ ਇੰਨੇ ਵੱਡੇ ਟੋਏ ਪੈ ਗਏ ਨੇ ਕਿ ਰੋਜ਼ ਕੋਈ ਨਾ ਕੋਈ ਡਿੱਗਦਾ ਰਹਿੰਦਾ ਹੈ। ਕੱਲ੍ਹ ਇੱਕ ਸਕੂਟਰ ਵਾਲੇ ਦਾ ਐਕਸੀਡੈਂਟ ਹੋ ਗਿਆ, ਬਹੁਤ ਜ਼ਿਆਦਾ ਖਤਰਾ ਹੈ ਇੱਥੇ।",Punjabi,Roads,High,Public Works Department Delhi,pwd-delhi@nic.in
"ਨਜਫਗੜ੍ਹ ਮੈਟਰੋ ਸਟੇਸ਼ਨ ਦੇ ਕੋਲ ਸੜਕ ਦੀ ਹਾਲਤ ਬਿਲਕੁਲ ਖਸਤਾ ਹੈ, ਮਾੜੀ ਜਿਹੀ ਬਾਰਿਸ਼ 'ਚ ਵੀ ਉੱਥੇ ਛੱਪੜ ਬਣ ਜਾਂਦਾ ਹੈ। ਪੈਦਲ ਚੱਲਣ ਵਾਲਿਆਂ ਲਈ ਰਸਤਾ ਹੀ ਨਹੀਂ ਬਚਿਆ, ਪਲੀਜ਼ ਇਹਨੂੰ ਠੀਕ ਕਰਵਾਓ।",Punjabi,Roads,Medium,Public Works Department Delhi,pwd-delhi@nic.in
"ਫਿਰਨੀ ਰੋਡ 'ਤੇ ਸੜਕ ਵਿਚਕਾਰ ਇੱਕ ਬਹੁਤ ਡੂੰਘਾ ਟੋਆ ਹੈ ਜਿਸ ਕਰਕੇ ਸਾਰਾ ਦਿਨ ਜਾਮ ਲੱਗਿਆ ਰਹਿੰਦਾ ਹੈ। ਅੱਧੀ ਰਾਤ ਨੂੰ ਕਿਸੇ ਨੂੰ ਇਹ ਦਿਖਦਾ ਨਹੀਂ, ਜਲਦੀ ਰਿਪੇਅਰ ਕਰੋ ਨਹੀਂ ਤਾਂ ਕੋਈ ਵੱਡਾ ਹਾਦਸਾ ਹੋ ਜਾਊ।",Punjabi,Roads,High,Public Works Department Delhi,pwd-delhi@nic.in
"ਢਾਂਸਾ ਰੋਡ 'ਤੇ ਸਕੂਲ ਦੇ ਕੋਲ ਸਪੀਡ ਬ੍ਰੇਕਰ ਬਿਲਕੁਲ ਘਿਸ ਚੁੱਕੇ ਨੇ, ਜਿਸ ਕਰਕੇ ਗੱਡੀਆਂ ਬਹੁਤ ਤੇਜ਼ ਨਿਕਲਦੀਆਂ ਨੇ। ਬੱਚਿਆਂ ਦੀ ਸੇਫਟੀ ਲਈ ਇੱਥੇ ਦੁਬਾਰਾ ਨਵੇਂ ਬ੍ਰੇਕਰ ਬਣਵਾ ਦਿਓ ਜੀ।",Punjabi,Roads,Low,Public Works Department Delhi,pwd-delhi@nic.in
ਨਜਫਗੜ੍ਹ ਦੀਆਂ ਅੰਦਰਲੀਆਂ ਸੜਕਾਂ 'ਤੇ ਧੂੜ-ਮਿੱਟੀ ਬਹੁਤ ਉੱਡਦੀ ਹੈ ਕਿਉਂਕਿ ਰੋਡ ਦੀ ਉੱਪਰਲੀ ਲੇਅਰ ਉੱਖੜ ਚੁੱਕੀ ਹੈ। ਜੇ ਮਾੜਾ ਜਿਹਾ ਪੈਚਵਰਕ ਹੋ ਜਾਵੇ ਤਾਂ ਆਮ ਜਨਤਾ ਨੂੰ ਬਹੁਤ ਰਾਹਤ ਮਿਲੇਗੀ।,Punjabi,Roads,Medium,Public Works Department Delhi,pwd-delhi@nic.in
بھول بھلیاں کے پاس سڑک میں اتنا بڑا گڑھا ہے کہ کل ایک بائیک والا بال بال بچا، اسے فوراً ٹھیک کروائیں ورنہ کوئی بڑا حادثہ ہو جائے گا۔,Urdu,Roads,High,Public Works Department Delhi,pwd-delhi@nic.in
مہرولی مین مارکیٹ کی سڑک پوری طرح ٹوٹ چکی ہے، اڑتی دھول کی وجہ سے دکانداروں کا جینا محال ہو گیا ہے، ذرا اس پر توجہ دیں۔,Urdu,Roads,Medium,Public Works Department Delhi,pwd-delhi@nic.in
وارڈ نمبر 8 کی اندرونی گلیوں میں گاڑیاں بہت تیز چلتی ہیں، یہاں ایک دو چھوٹے اسپیڈ بریکر لگوا دیں تو بڑی مہربانی ہوگی۔,Urdu,Roads,Low,Public Works Department Delhi,pwd-delhi@nic.in
قطب مینار میٹرو کے پاس مین روڈ پر کسی نے ملبے کا ڈھیر لگا دیا ہے جس سے آدھا راستہ بند ہے، اسے فوراً ہٹوانے کی زحمت کریں۔,Urdu,Roads,High,Public Works Department Delhi,pwd-delhi@nic.in
درگاہ قطب الدین بختیار کاکی والی روڈ کافی اونچی نیچی ہو گئی ہے، اسے تھوڑے پیچ ورک کی ضرورت ہے تاکہ زائرین کو دشواری نہ ہو۔,Urdu,Roads,Medium,Public Works Department Delhi,pwd-delhi@nic.in
"द्वारका सेक्टर 6 के मेन रोड पर एतना बड़का गढ्ढा बा कि कल एगो स्कूटी वाला गिर के चोटिल हो गइल। PWD साहब, का कौनों के जान गइला के इंतजार बा? एकरा के तुरंत भरवावल जाव।",Bhojpuri,Roads,High,Public Works Department Delhi,pwd-delhi@nic.in
"सेक्टर 6 के मार्केट वाली सड़क एकदम ऊबड़-खाबड़ हो गइल बा, गाड़ी चलावे में कमर टूट जाता। तनी मरम्मत करवा दीं त जनता के आशीर्वाद मिली।",Bhojpuri,Roads,Medium,Public Works Department Delhi,pwd-delhi@nic.in
"रोड के किनारे बहुत सारा रोड़ा-पत्थर छितरायल बा, जवना से साइकिल अउर पैदल चले वाला लोग के दिक्कत होता। एकरा के हटवा देहब त नीक रही।",Bhojpuri,Roads,Low,Public Works Department Delhi,pwd-delhi@nic.in
"बरखा के पानी सड़क पर लाग रहल बा काहे कि रोड के लेवल सही नईखे, पूरा कीचड़ हो जाता। सेक्टर 6 में आवाजाही मुश्किल हो गइल बा, जल्दी समाधान करीं।",Bhojpuri,Roads,High,Public Works Department Delhi,pwd-delhi@nic.in
"इहां जे स्पीड ब्रेकर बनल बा ओकर पेंट उखड़ गइल बा, रात के अन्हार में गाड़ी उछल जाता। एकरा के फेर से पेंट करवा दीं त दुर्घटना ना होई।",Bhojpuri,Roads,Medium,Public Works Department Delhi,pwd-delhi@nic.in
"ओखला फेज 2 में ई संजय कॉलोनी वाला रस्ता पूरा टूटल अछि, बड़ पैघ गड्डा भ गेल अछि। कखनो कोनो बड़का एक्सीडेंट भ सकैत अछि, जल्दी ठीक करू।",Maithili,Roads,High,Public Works Department Delhi,pwd-delhi@nic.in
"मेन रोड पर जे गड्डा सब अछि ओहि में पैन जमा भ जाइत अछि, गाड़ी चलेबा में बहुत दिक्कत होइत अछि। ई इंडस्ट्रियल एरिया अछि, एतय रस्ता नीक होबय के चाही।",Maithili,Roads,Medium,Public Works Department Delhi,pwd-delhi@nic.in
"फेज 2 के ई गली में रस्ता के साइड सब उखड़ रहल अछि। जेका पेंटिंग और मेंटेनेंस चाही से नै अछि, ई देखू थोरक।",Maithili,Roads,Low,Public Works Department Delhi,pwd-delhi@nic.in
"राति में एकटा टेम्पो पलटी मारि देलक कियाक त रस्ता बीच में फाटल अछि। ई बहुत डेंजरस अछि, ओखला फेज 2 के एहि रस्ता के तुरंत मरम्मत करू नै त कोनो जान जएत।",Maithili,Roads,High,Public Works Department Delhi,pwd-delhi@nic.in
"एतय धूर एतेक उड़े अछि कि सांस लेब मुश्किल अछि, रस्ता के मरम्मत कते दिन सं नै भेल अछि। जल्दी ई पेच वर्क करबाउ भाय जी।",Maithili,Roads,Medium,Public Works Department Delhi,pwd-delhi@nic.in
"Saket J-block mein itne machar ho gaye hain ki dengue phel raha hai. Jaldi yahan fogging karwao varna bache bimar ho jayenge, emergency hai bhai!",Hindi,Health,High,Delhi Health Services,dghs@delhi.gov.in
साकेत डिस्पेंसरी के बाहर बहुत कूड़ा जमा है जिससे बहुत बदबू आती है और मरीज परेशान हैं। प्रशासन को तुरंत सफाई करवानी चाहिए नहीं तो बीमारी बढ़ेगी।,Hindi,Health,Medium,Delhi Health Services,dghs@delhi.gov.in
"Saket market de kol gandagi karke makhiaan bohot ho gaiyaan ne. Health da risk hai ji, please kuch karo varna sab bimar ho jange.",Hindi,Health,Medium,Delhi Health Services,dghs@delhi.gov.in
"साकेत मोहल्ला क्लिनिक में दवाई आउर सुई के बहुत कमी बा. गरीब आदमी कहाँ जाई, थोडा देखिये सरकार.",Hindi,Health,Low,Delhi Health Services,dghs@delhi.gov.in
"The emergency ward in the govt facility near Saket is always overcrowded and doctors are not attending critical patients quickly. This is very serious, please improve the staff response.",Hindi,Health,High,Delhi Health Services,dghs@delhi.gov.in
"Sir, Dengue is spreading very fast in Prem Nagar, Najafgarh and 4 kids are already in hospital. No fogging machine has come in our gali for the last 2 weeks, please send the MCD team urgently.",English,Health,High,Delhi Health Services,dghs@delhi.gov.in
"The local Mohalla Clinic near Najafgarh Thana is always crowded and the doctor arrives very late. Many patients are standing in the heat for hours, please check this system as it is very problematic for seniors.",English,Health,Medium,Delhi Health Services,dghs@delhi.gov.in
"There is a major issue with medicine stock at the Government Dispensary in Najafgarh. Basic medicines for BP and sugar are not available for the last 10 days, forcing us to buy from private chemists.",English,Health,Low,Delhi Health Services,dghs@delhi.gov.in
"Stray dogs have become a big menace in Tura Mandi and yesterday they bit an old man. We went to the local government hospital but they said rabies injection is out of stock, this is a very serious health risk.",English,Health,High,Delhi Health Services,dghs@delhi.gov.in
"Too much garbage is piled up near the Najafgarh main market drain and the smell is unbearable for residents. It's attracting so many flies and mosquitoes, we are scared of falling sick soon.",English,Health,Medium,Delhi Health Services,dghs@delhi.gov.in
"महरौली में डेंगू के मच्छर एते बढ़ि गेल छै जे हमर पड़ोस में सब बीमार छथि, हमर बेटा के सेहो तेज बुखार छै आ अस्पताल में सुनवाई नै भ रहल अछि।",Maithili,Health,High,Delhi Health Services,dghs@delhi.gov.in
"मोहल्ला क्लीनिक में शुगर आ बीपी के दवाई कतेको दिन सँ नै मिल रहल अछि, स्टाफ कहैत छथि जे ऊपर सँ स्टॉक नै आयल छै।",Maithili,Health,Medium,Delhi Health Services,dghs@delhi.gov.in
"अस्पताल के गेट पर नाली के पानी जमा छै, जाहि सँ गंध आ बीमारी के खतरा बढ़ि गेल छै, सफाई कर्मचारी के बोलू।",Maithili,Health,Low,Delhi Health Services,dghs@delhi.gov.in
"मेहरौली के सरकारी अस्पताल में एक्सीडेंट वाला केस लेल गेलहुँ त डॉक्टर कहलखिन जे हमरा सँ नै होतै, रेफर क' देलखिन मुदा एम्बुलेंस धरि नै देलनि।",Maithili,Health,High,Delhi Health Services,dghs@delhi.gov.in
"वार्ड में बेड पर चादर बहुत गंदा छै आ कोनो सफाई नै भ रहल अछि, मरीज के अइ सँ आरो बेसी इंफेक्शन भ जाएत।",Maithili,Health,Medium,Delhi Health Services,dghs@delhi.gov.in
